CustomerID,FirstName,LastName,Gender,Email,Phone,Age,City,Country,CurrentBalance,Currency,TotalTransactions,TotalDeposits,TotalWithdrawals,AverageTransactionAmount,TotalCashback,LastTransactionDate,PreferredContactMethod,AverageMonthlySpending,HighestTransactionAmount,LowestTransactionAmount,TotalNumberOfAccounts,AccountStatus,DepositStatus,LoanStatus,InternationalTransactionIndicator,VATUserStatus,TotalVATRefundAmount,DeviceModel,AppVersion,RecentActivityFlag,PreferredLanguage,Delivery,PlasticCard,RiskProfile
TeresaPerez0,Teresa,Perez,Female,dustin50@example.org,001-225-838-8752x26394,37,San Antonio,United States,40233.08,USD,820,18373.58,27705.35,799.46,89.28,2024-09-26,SMS,2525.46,7765.16,16.18,5,Active,Yes,No,252,No,454.55,iPhone 13,v4.2,Yes,English,178.9,Visa Platinum,Low
LaurieHale1,Laurie,Hale,Female,hcampbell@example.com,(346)463-4199x3926,77,Houston,United States,17811.43,USD,233,6034.57,23792.68,805.79,445.45,2024-05-13,Phone,3446.42,1760.28,36.57,1,Dormant,No,No,87,Yes,937.62,Vivo Y27s,v3.5,No,English,178.15,Visa Platinum,Low
AntonioWalker2,Antonio,Walker,Male,tcampbell@example.net,840-623-2416,31,Phoenix,United States,43888.61,EUR,781,12287.12,3434.34,913.73,161.81,2025-03-10,SMS,360.97,7276.57,45.58,5,Dormant,Yes,Yes,36,No,977.58,Samsung Galaxy S21,v1.3,Yes,French,241.98,Discover,Medium
JosephReed3,Joseph,Reed,Male,jean75@example.com,+1-642-242-9043x02311,38,San Antonio,United States,40936.85,EUR,696,29754.97,1922.79,114.72,431.88,2025-02-19,Email,4666.81,3604.66,18.38,1,Dormant,Yes,No,84,No,328.5,MI 8,v1.8,Yes,English,409.89,Diners Club,High
JamesWilson4,James,Wilson,Male,harrisfrancisco@example.com,995.872.8004x88863,34,San Antonio,United States,5377.64,USD,846,29413.16,25603.36,449.63,493.39,2025-02-20,SMS,2303.04,8144.27,42.51,5,Dormant,Yes,No,386,Yes,421.43,Pixel 9,v5.5,Yes,Spanish,122.38,Visa Platinum,Medium
BrianMurray5,Brian,Murray,Male,cunninghamjuan@example.org,(929)312-4011,68,Jacksonville,United States,43874.79,EUR,627,44163.5,38255.08,666.37,104.76,2025-02-14,Phone,3534.37,1643.81,17.48,5,Dormant,No,Yes,232,Yes,334.51,Redmi Note 7,v4.6,No,Spanish,655.7,Discover,Medium
KristopherHernandez6,Kristopher,Hernandez,Male,qfisher@example.net,5042474931,40,Phoenix,United States,20768.04,USD,454,16932.42,9809.07,138.09,78.23,2024-03-18,Phone,430.66,9573.29,47.84,2,Active,Yes,No,213,No,495.89,Redmi Note 7,v5.1,Yes,English,325.66,JCB,Medium
MichelleSullivan7,Michelle,Sullivan,Female,elizabethmorgan@example.net,364-579-2068,68,Dallas,United States,11987.35,USD,364,46843.2,42433.71,194.57,477.81,2025-02-19,Phone,1900.52,4164.26,20.62,5,Dormant,Yes,No,0,Yes,489.63,Vivo Y27s,v2.1,Yes,English,583.79,Visa Electron,Medium
KevinJones8,Kevin,Jones,Male,amandarogers@example.org,(517)775-7168x13487,34,San Jose,United States,13638.35,USD,20,22110.84,7810.74,456.4,249.1,2024-11-28,Phone,3941.91,1246.01,21.97,3,Active,Yes,No,2,Yes,691.37,MI 8,v2.7,No,French,518.81,Visa Electron,Low
JesseWilliams9,Jesse,Williams,Male,jennysmall@example.net,001-342-343-9814x4489,41,Chicago,United States,15967.42,EUR,386,33955.89,42043.33,527.95,178.08,2024-05-20,Phone,490.15,4266.38,42.82,2,Active,Yes,No,25,Yes,690.19,Redmi Note 7,v2.1,No,English,156.27,Diners Club,Medium
TravisRangel10,Travis,Rangel,Male,glennmichael@example.com,001-387-656-8295x75494,19,San Diego,United States,2689.41,EUR,26,45347.28,26726.29,553.55,482.24,2024-12-16,Email,196.32,4659.7,31.39,4,Dormant,Yes,No,4,No,623.09,Pixel 8,v3.4,Yes,English,977.68,JCB,Low
JohnWood11,John,Wood,Male,alexanderphilip@example.com,216.445.0973x515,76,Dallas,United States,29287.41,USD,649,46210.97,22697.12,57.41,144.73,2025-02-15,Email,4783.63,4862.12,8.06,4,Active,Yes,Yes,201,No,736.08,iPhone 15,v5.1,No,English,342.92,Business Card,Medium
ReginaJohnson12,Regina,Johnson,Female,randy85@example.com,511.834.5549,69,San Diego,United States,19569.19,USD,907,40440.42,22377.39,291.6,320.6,2024-04-28,Phone,3666.5,4875.84,29.79,5,Active,No,Yes,286,No,417.53,Vivo Y27s,v3.4,Yes,English,710.63,Diners Club,High
JordanPeterson13,Jordan,Peterson,Female,bruce78@example.org,254-987-7308x3383,56,Los Angeles,United States,1799.26,EUR,779,3863.38,27085.45,806.26,387.75,2024-12-31,Email,1396.33,5365.42,10.87,5,Active,No,No,297,Yes,833.7,iPhone 13,v4.0,Yes,English,773.0,Diners Club,Medium
DarrenWebb14,Darren,Webb,Male,millerelizabeth@example.org,924.259.9073x83275,79,New York,United States,43836.05,USD,662,2542.21,30388.52,443.14,40.31,2024-05-02,Email,2486.85,3888.59,14.72,2,Active,No,Yes,331,No,923.04,Pixel 8,v4.6,Yes,English,201.56,Prepaid Card,High
JeffreyBrown15,Jeffrey,Brown,Male,njones@example.org,581.835.6100,42,Dallas,United States,29760.94,EUR,110,25332.66,9049.36,869.69,303.29,2024-03-25,SMS,4250.97,7194.37,11.39,5,Dormant,Yes,Yes,30,Yes,968.15,iPhone 13,v4.5,No,English,240.61,JCB,Medium
ArthurMatthews16,Arthur,Matthews,Male,waynebrown@example.org,+1-696-512-4054x453,58,New York,United States,41947.0,USD,264,3726.22,11830.58,380.83,325.65,2024-10-26,Email,1861.08,4601.65,42.83,4,Dormant,No,No,89,Yes,243.63,Redmi Note 7,v1.1,Yes,English,190.68,MasterCard Platinum,Medium
JeffreyRivas17,Jeffrey,Rivas,Male,nfields@example.net,+1-458-679-7723x7689,23,San Antonio,United States,12878.29,USD,247,43781.28,14697.05,232.68,157.68,2024-11-18,Phone,491.01,6584.86,30.37,3,Dormant,Yes,Yes,99,No,850.51,Redmi Note 7,v5.4,Yes,English,144.76,Maestro,Medium
KelseyKing18,Kelsey,King,Female,vray@example.org,615.603.7306,59,Houston,United States,37652.05,USD,222,43925.82,15570.74,973.1,362.25,2024-07-27,Phone,3354.31,1079.27,35.96,4,Active,Yes,Yes,40,Yes,789.68,MI 8,v2.2,No,Spanish,727.75,Salary Card,Low
JoseLe19,Jose,Le,Male,cassandra03@example.com,+1-734-367-5054x360,46,San Diego,United States,47398.87,USD,691,31553.08,20335.46,438.93,135.82,2025-03-14,Phone,4132.35,2368.82,44.27,5,Dormant,Yes,Yes,154,Yes,19.66,iPhone 15,v1.5,Yes,English,473.79,Salary Card,Low
JohnSimpson20,John,Simpson,Male,gonzalezjames@example.com,3215717365,24,Philadelphia,United States,21141.17,EUR,322,49285.26,16955.22,14.37,339.78,2024-06-23,Phone,2144.04,3721.8,40.15,5,Dormant,Yes,Yes,43,Yes,445.85,MI 8,v2.6,Yes,English,296.78,JCB,Low
MichaelHill21,Michael,Hill,Male,courtney84@example.net,544.301.4618x4410,20,Austin,United States,13222.36,EUR,212,25218.48,20605.06,880.46,210.09,2024-08-01,SMS,4504.3,7296.65,27.81,4,Active,No,No,105,Yes,902.58,MI 8,v4.0,Yes,Spanish,194.49,Salary Card,Medium
JamesWoodard22,James,Woodard,Male,wrightamy@example.com,+1-212-358-9656x41272,61,Los Angeles,United States,18121.1,EUR,525,30301.12,42730.61,876.24,39.15,2024-04-23,Email,3014.58,5798.42,43.94,3,Active,No,No,159,Yes,880.46,Huawei P30,v3.7,Yes,English,337.64,Visa Classic,Low
SabrinaSmith23,Sabrina,Smith,Female,bennettgeorge@example.org,968.440.7509x6004,27,Jacksonville,United States,16316.87,EUR,60,6963.96,19393.73,508.84,61.52,2024-10-26,SMS,818.06,5531.11,24.82,2,Dormant,No,No,22,No,667.43,Huawei P30,v4.3,No,English,36.53,MasterCard Standard,High
VictorEvans24,Victor,Evans,Male,andersonjoy@example.org,627-978-8532x111,27,New York,United States,43605.1,EUR,20,45078.52,16167.6,478.21,15.87,2024-04-13,SMS,2301.2,7760.22,9.24,5,Dormant,No,Yes,0,Yes,89.73,Pixel 8,v4.5,Yes,French,767.65,Salary Card,Low
JeremyOsborne25,Jeremy,Osborne,Male,butlerdaniel@example.org,(550)882-4559,62,Houston,United States,10369.58,EUR,504,17554.86,3195.94,508.97,26.94,2024-10-21,Email,2257.39,7616.51,28.56,3,Dormant,Yes,No,77,No,162.13,Pixel 9,v1.0,Yes,English,293.78,Salary Card,Medium
NicoleDalton26,Nicole,Dalton,Female,rebecca29@example.org,999-752-7169x0029,31,San Antonio,United States,18166.87,EUR,442,32441.62,25107.1,580.2,154.3,2024-06-14,Email,2006.44,3241.54,45.39,3,Dormant,Yes,Yes,33,Yes,418.53,Redmi Note 7,v3.8,Yes,English,443.73,Business Card,Medium
NicholasOneill27,Nicholas,Oneill,Male,jason89@example.net,238-986-7872x326,72,San Jose,United States,35445.98,EUR,603,22714.25,43142.92,962.61,25.19,2025-01-26,Email,2233.09,2021.74,35.07,2,Dormant,Yes,No,158,No,864.61,Pixel 8,v2.7,No,English,390.64,Salary Card,Low
SarahSmith28,Sarah,Smith,Female,fsimon@example.com,001-934-464-9105x0408,43,San Antonio,United States,27875.39,USD,290,37889.26,21849.8,678.23,86.29,2024-10-09,Email,4673.25,4343.76,38.68,1,Dormant,Yes,Yes,43,No,155.43,Samsung Galaxy S21,v3.2,Yes,English,473.14,Diners Club,Low
JustinChase29,Justin,Chase,Male,jamesmarshall@example.net,3553922380,21,Houston,United States,37869.09,EUR,106,41083.67,34276.25,269.69,341.16,2025-01-04,Email,1826.06,1082.85,20.1,2,Dormant,No,Yes,53,No,563.86,iPhone 15,v4.2,Yes,English,85.15,MasterCard Platinum,Medium
CrystalMurray30,Crystal,Murray,Female,fredericksmith@example.com,922.493.9021,74,San Jose,United States,47785.16,EUR,932,36235.37,29536.29,606.96,287.48,2024-12-03,Phone,1213.31,6853.4,15.58,1,Active,Yes,Yes,239,Yes,54.0,iPhone 15,v3.3,No,English,776.11,Visa Classic,Medium
ZacharyKeith31,Zachary,Keith,Male,theresa92@example.net,001-256-506-9776,78,San Diego,United States,19996.77,EUR,176,38718.41,19545.21,901.13,220.62,2025-03-02,SMS,3882.74,9638.13,8.57,2,Active,Yes,Yes,15,No,397.77,iPhone 15,v5.5,No,English,331.72,Maestro,Medium
LauraVilla32,Laura,Villa,Female,grantburke@example.net,807.834.9853x48034,50,Philadelphia,United States,7866.2,USD,200,37468.13,13194.34,781.53,227.77,2024-05-12,SMS,4637.83,4874.86,48.74,5,Active,Yes,No,36,Yes,111.53,Redmi Note 7,v1.7,Yes,English,83.83,UnionPay,Medium
SamanthaPerez33,Samantha,Perez,Female,phillipsjonathan@example.org,882.720.3497x6983,40,Los Angeles,United States,24197.0,EUR,928,19977.65,23933.96,704.26,325.32,2025-02-24,Phone,4054.18,6195.0,5.99,2,Active,No,No,225,No,232.84,Pixel 9,v4.8,Yes,English,300.32,MasterCard Gold,Low
ChristineDelacruz34,Christine,Delacruz,Female,sanchezheather@example.com,984.892.5471,26,Phoenix,United States,47262.56,USD,376,35436.81,33111.73,431.58,228.15,2024-12-24,SMS,2950.1,6630.08,2.45,3,Active,No,No,133,No,896.85,Samsung Galaxy S21,v4.3,No,Spanish,848.79,Visa Platinum,Medium
ElizabethGomez35,Elizabeth,Gomez,Female,newtonjoe@example.com,(294)681-8295x066,38,New York,United States,3943.63,USD,303,11097.16,44611.11,288.25,255.6,2024-06-06,Email,1446.62,5760.1,29.84,1,Active,Yes,Yes,23,No,421.66,Vivo Y27s,v4.6,No,English,965.26,Maestro,Medium
MatthewBrown36,Matthew,Brown,Male,victoriaheath@example.com,001-613-892-5890,64,San Antonio,United States,5023.82,EUR,802,22694.65,20325.38,715.79,110.35,2025-01-22,SMS,3022.62,9194.16,6.08,3,Active,No,Yes,86,Yes,81.01,iPhone 15,v5.2,Yes,English,365.5,Salary Card,Low
FrederickFrench37,Frederick,French,Male,yoliver@example.org,9367171239,64,Jacksonville,United States,47570.89,EUR,893,46755.7,33786.51,480.64,18.19,2024-08-22,Phone,3584.93,9374.55,3.55,4,Active,Yes,Yes,273,No,854.31,Samsung Galaxy S21,v5.1,No,English,275.02,Salary Card,Medium
KimberlyBlack38,Kimberly,Black,Female,abigailsmith@example.org,(924)943-9782,77,Austin,United States,2019.24,EUR,504,16671.77,16667.47,316.71,347.52,2024-10-14,SMS,3755.7,6960.0,6.4,3,Dormant,Yes,Yes,42,No,912.9,Pixel 9,v3.0,Yes,French,617.52,MasterCard Platinum,Low
DanielJohnson39,Daniel,Johnson,Male,tarawalton@example.net,621-349-4245x86667,38,Jacksonville,United States,17158.26,USD,880,41442.55,9186.04,579.08,476.94,2024-06-01,SMS,2166.12,8643.43,10.09,4,Active,Yes,Yes,233,Yes,953.72,Redmi Note 7,v2.3,No,English,133.54,JCB,Medium
RebeccaPatrick40,Rebecca,Patrick,Female,kelli46@example.com,2112256747,46,Dallas,United States,45994.0,USD,36,25609.03,41902.27,78.36,415.38,2024-04-05,Phone,4163.63,8990.37,15.41,3,Dormant,Yes,No,3,Yes,337.36,Pixel 9,v5.5,No,English,972.65,Maestro,Low
SeanRodriguez41,Sean,Rodriguez,Male,alexandralee@example.com,001-609-234-3053,40,Austin,United States,26894.67,USD,749,39908.87,12069.87,385.54,255.17,2024-08-13,Email,3981.62,2980.9,39.66,2,Dormant,No,Yes,196,Yes,722.96,MI 8,v2.5,No,French,22.3,Business Card,Low
MarilynPatel42,Marilyn,Patel,Female,aaron99@example.com,+1-880-609-6403x146,75,Jacksonville,United States,12626.25,USD,976,21948.41,19394.76,243.27,149.47,2024-09-24,SMS,3192.15,2476.23,46.34,1,Active,No,Yes,344,No,35.67,Redmi Note 7,v2.8,Yes,English,665.9,Salary Card,Medium
MelissaKhan43,Melissa,Khan,Female,anna86@example.org,3909804414,48,Dallas,United States,30707.38,EUR,214,23755.92,7639.74,335.14,127.73,2024-11-12,Email,2985.24,7729.86,26.33,5,Active,No,No,88,No,547.62,MI 8,v3.0,No,English,410.35,Salary Card,Medium
KendraMckee44,Kendra,Mckee,Female,vanderson@example.org,999-907-1717x35445,19,Dallas,United States,26645.03,USD,832,32632.59,14885.53,817.15,105.27,2024-07-16,SMS,3551.74,6199.46,20.78,1,Active,No,Yes,11,Yes,371.91,iPhone 13,v1.8,No,Spanish,659.18,American Express,Low
JoanCox45,Joan,Cox,Female,brycemoore@example.net,925.776.1730x189,31,Chicago,United States,33112.6,USD,271,35568.89,2914.8,936.11,73.42,2024-10-02,Phone,3784.62,9670.13,9.24,3,Active,Yes,No,6,Yes,296.48,Pixel 8,v1.9,No,English,110.53,Salary Card,Low
SarahCarter46,Sarah,Carter,Female,bradley44@example.org,001-671-416-4132x51748,36,Chicago,United States,36082.22,EUR,584,11558.79,26445.87,247.24,455.53,2024-06-11,Phone,982.55,1729.28,8.8,2,Dormant,No,No,267,Yes,585.65,Huawei P30,v2.5,Yes,English,515.17,MasterCard Platinum,Medium
JeffreyLopez47,Jeffrey,Lopez,Male,afoster@example.org,325-455-3832,52,New York,United States,2168.85,USD,269,19716.05,27866.14,573.13,261.26,2024-10-20,Phone,2295.4,5830.48,48.59,1,Active,No,No,53,Yes,809.36,Redmi Note 7,v1.3,Yes,Spanish,242.67,Salary Card,Medium
MitchellSharp48,Mitchell,Sharp,Male,hailey22@example.net,+1-825-582-4424x157,77,Chicago,United States,23411.56,USD,851,5609.69,13897.87,304.1,275.97,2024-06-25,Email,750.81,1510.99,20.53,1,Active,No,No,417,No,580.84,Pixel 8,v4.5,No,English,548.83,Diners Club,Low
RandallSnyder49,Randall,Snyder,Male,pacerichard@example.org,5659019723,18,San Diego,United States,16549.79,EUR,41,15894.85,18108.44,889.34,302.5,2024-11-23,SMS,4553.96,6639.1,15.96,2,Dormant,No,Yes,2,Yes,428.77,Pixel 9,v5.8,Yes,English,809.48,Visa Electron,Medium
LindaWoods50,Linda,Woods,Female,ydavis@example.com,552-612-1888,25,Chicago,United States,32030.77,EUR,507,44738.0,19909.95,665.96,104.99,2024-12-25,SMS,4522.01,9354.41,33.84,2,Dormant,No,Yes,251,No,327.34,iPhone 13,v3.6,No,English,588.14,Diners Club,Medium
KarenMay51,Karen,May,Female,andrewsmith@example.org,346.388.0233,48,San Antonio,United States,28405.72,EUR,211,46273.64,32158.92,889.88,270.54,2025-03-04,Email,4265.8,2686.53,36.13,1,Dormant,No,No,48,No,337.13,Pixel 9,v3.0,No,English,59.41,Visa Electron,Low
JustinSims52,Justin,Sims,Male,cassandra46@example.net,985.494.1013,20,San Diego,United States,16794.21,USD,711,22441.93,40890.23,340.73,46.01,2024-12-25,Phone,4274.13,6059.66,33.17,3,Active,No,No,21,Yes,82.76,Redmi Note 7,v3.3,No,English,440.67,Salary Card,Low
MeganJones53,Megan,Jones,Female,zfreeman@example.net,+1-296-847-4004,73,Austin,United States,38422.56,USD,352,15095.98,21911.24,832.11,31.54,2025-03-15,SMS,3236.66,9187.85,14.14,5,Dormant,No,No,171,No,778.17,Redmi Note 7,v5.8,Yes,Spanish,157.77,Visa Classic,Medium
MelissaNelson54,Melissa,Nelson,Female,joshua58@example.net,263-555-0110x1447,43,Los Angeles,United States,26389.27,EUR,739,11555.72,44383.83,141.0,15.06,2024-03-30,SMS,2510.93,6357.12,24.51,3,Dormant,Yes,No,318,Yes,472.05,iPhone 15,v3.9,Yes,English,138.49,Salary Card,Medium
ChristinaSmith55,Christina,Smith,Female,samanthajackson@example.org,+1-683-327-8991,21,Jacksonville,United States,7411.99,EUR,90,3773.67,36052.96,594.9,462.2,2024-10-23,SMS,4106.25,6014.3,43.34,5,Active,No,No,41,Yes,885.7,Huawei P30,v2.3,Yes,English,998.92,Salary Card,Medium
GraceWatts56,Grace,Watts,Female,bmiller@example.net,+1-894-658-1076x239,57,Philadelphia,United States,40601.05,EUR,845,4986.03,19776.65,884.23,236.08,2025-03-09,SMS,3968.28,1635.55,13.57,1,Dormant,No,No,177,No,277.12,Pixel 8,v5.5,No,English,866.14,Visa Platinum,Low
MichaelGreen57,Michael,Green,Male,marioboyer@example.net,(825)880-8825,24,Dallas,United States,28236.95,EUR,878,49437.4,24457.4,627.91,429.64,2024-04-07,Email,2900.99,6200.69,43.64,2,Active,Yes,Yes,309,Yes,965.65,Pixel 8,v2.1,No,French,757.52,Discover,Low
MichaelRobertson58,Michael,Robertson,Male,longjulie@example.net,(426)404-5596,31,New York,United States,23792.63,USD,489,19444.02,16216.39,27.98,184.37,2025-02-11,Phone,1517.54,6162.27,31.02,5,Active,No,No,99,No,239.94,Samsung Galaxy S21,v3.1,No,English,875.69,Discover,Low
ElijahBaker59,Elijah,Baker,Male,rossrachel@example.net,(494)560-7833x8212,40,San Jose,United States,4472.78,USD,365,29277.01,26891.11,908.32,388.47,2024-06-21,SMS,2918.89,5657.77,40.46,1,Dormant,No,Yes,46,No,764.22,MI 8,v5.1,No,English,269.1,American Express,Low
SpencerCastro60,Spencer,Castro,Male,qmorales@example.org,327.610.6792,25,Jacksonville,United States,1067.91,USD,789,43406.95,15894.17,815.24,56.36,2024-12-03,Phone,2472.6,6218.87,29.95,3,Active,No,Yes,224,No,206.44,Redmi Note 7,v3.8,No,English,778.18,Discover,Low
AmandaWilliams61,Amanda,Williams,Female,marquezrobin@example.org,+1-605-226-8835x3762,77,San Diego,United States,46690.95,USD,144,19242.94,3367.18,692.49,478.05,2024-04-03,Email,1607.65,3187.36,11.08,1,Active,No,Yes,12,No,677.92,Samsung Galaxy S21,v2.2,No,English,27.92,Prepaid Card,Low
KellyTyler62,Kelly,Tyler,Female,russellandrade@example.net,7025035355,51,Los Angeles,United States,7244.41,EUR,536,44381.09,983.55,727.58,272.34,2024-08-15,Phone,3786.53,8014.12,24.86,3,Dormant,Yes,Yes,174,No,181.42,Redmi Note 7,v3.5,No,English,700.06,Visa Electron,Low
JordanYang63,Jordan,Yang,Female,ejohnson@example.com,+1-915-368-0921x9287,67,San Jose,United States,7545.98,EUR,397,2494.68,3154.57,319.78,433.05,2024-11-15,Email,577.61,7380.41,28.0,3,Dormant,No,No,71,Yes,57.26,Huawei P30,v1.6,No,English,452.79,Salary Card,Low
LauraWilliams64,Laura,Williams,Female,sanchezallison@example.org,401-886-9398x244,19,Los Angeles,United States,44990.82,USD,618,22235.77,33019.32,553.3,233.54,2024-04-03,Phone,2222.02,2561.53,10.83,3,Dormant,Yes,Yes,251,Yes,612.52,Huawei P30,v2.3,No,French,245.19,MasterCard Gold,Medium
JenniferTran65,Jennifer,Tran,Female,cmoses@example.net,(603)260-3218x486,40,San Antonio,United States,8494.34,USD,394,28611.79,17972.68,185.78,398.87,2024-07-07,SMS,1606.23,5687.64,43.31,1,Active,Yes,No,29,No,877.88,iPhone 15,v5.2,No,English,818.83,Salary Card,Low
RyanHarris66,Ryan,Harris,Male,jonathan51@example.com,4205149313,50,Dallas,United States,14243.03,EUR,152,44383.28,37548.95,973.48,370.41,2024-10-01,Phone,218.5,3745.45,44.04,4,Active,Yes,No,69,No,76.15,iPhone 13,v1.8,Yes,English,563.74,Visa Electron,Medium
KathleenRios67,Kathleen,Rios,Female,roneill@example.org,+1-331-996-6905x004,64,Dallas,United States,31224.53,EUR,572,22355.5,36081.85,940.93,202.98,2024-06-18,Phone,4634.55,8493.72,3.58,3,Dormant,No,Yes,58,No,984.65,Vivo Y27s,v2.7,Yes,English,822.49,Business Card,High
ThomasHill68,Thomas,Hill,Male,juliamendoza@example.com,(774)411-4822x12023,79,San Diego,United States,41429.12,USD,863,37605.52,25837.99,103.34,264.56,2024-09-01,Email,3786.17,6781.9,10.75,2,Dormant,No,Yes,224,No,42.41,Samsung Galaxy S21,v3.5,Yes,English,346.64,Salary Card,Low
PaulaStewart69,Paula,Stewart,Female,bhenderson@example.org,(316)545-7106,28,Philadelphia,United States,35629.76,EUR,994,7767.84,24310.16,469.07,453.7,2024-10-10,Email,2140.53,3811.64,21.19,3,Active,No,No,82,Yes,737.33,MI 8,v1.4,Yes,French,224.5,Visa Classic,Medium
AshleyRubio70,Ashley,Rubio,Female,udaniels@example.net,(455)522-7226,63,San Diego,United States,23276.41,USD,102,21212.81,30873.95,788.23,482.19,2024-07-23,Phone,2043.98,2929.82,21.1,1,Active,No,No,47,No,558.77,Redmi Note 7,v5.7,No,English,323.95,Salary Card,Low
ElizabethJoseph71,Elizabeth,Joseph,Female,campbellalyssa@example.com,001-954-655-0440x229,62,Chicago,United States,41826.73,EUR,122,38173.52,16153.4,463.42,141.82,2025-02-05,Phone,630.21,2808.19,48.81,4,Dormant,No,Yes,44,Yes,387.81,Huawei P30,v4.2,Yes,Spanish,83.55,Salary Card,Low
HeidiStewart72,Heidi,Stewart,Female,sblevins@example.net,568-433-0337x11707,32,Phoenix,United States,19096.95,EUR,420,16501.73,18204.97,745.83,492.92,2024-12-31,SMS,3721.66,5227.83,31.66,3,Dormant,Yes,No,150,No,904.44,MI 8,v1.0,Yes,English,755.21,Visa Electron,High
OliviaGarcia73,Olivia,Garcia,Female,joelbryant@example.net,(379)522-7842,46,Chicago,United States,47770.76,USD,935,10585.46,44007.28,810.12,380.49,2025-02-21,Phone,2199.23,4038.71,14.94,4,Dormant,Yes,No,205,No,174.1,Pixel 9,v5.9,No,English,903.06,Salary Card,Medium
RandyDalton74,Randy,Dalton,Male,ujames@example.net,622-956-7712x3220,44,Philadelphia,United States,36392.76,EUR,232,35314.84,31253.84,758.59,279.12,2025-03-11,Phone,3173.47,6097.09,32.74,1,Dormant,No,Yes,78,Yes,79.21,Vivo Y27s,v2.3,Yes,English,867.58,Salary Card,Low
JeffreyRodriguez75,Jeffrey,Rodriguez,Male,ryanbates@example.net,+1-477-505-3346x3560,66,San Antonio,United States,8908.96,USD,449,46255.06,31821.16,993.83,293.89,2024-07-08,SMS,4163.86,8898.76,15.28,1,Active,No,No,196,Yes,88.6,MI 8,v3.1,Yes,English,930.41,Salary Card,Low
AmySmith76,Amy,Smith,Female,hgreen@example.net,+1-559-217-6629,55,Houston,United States,20241.08,EUR,279,14089.43,19196.16,93.33,43.28,2025-02-24,Email,4004.99,7288.18,16.94,1,Dormant,No,No,134,Yes,832.92,Pixel 9,v4.9,Yes,English,456.1,MasterCard Standard,Low
SamanthaMoon77,Samantha,Moon,Female,michael64@example.net,001-640-995-7302x4862,78,Austin,United States,29340.59,USD,247,18936.56,19227.08,563.5,156.68,2024-08-17,SMS,1947.54,7596.83,3.93,4,Active,No,Yes,36,Yes,869.39,Pixel 9,v1.7,Yes,English,389.01,Diners Club,Medium
DonaldMiller78,Donald,Miller,Male,gibbssamuel@example.org,937.563.5850,40,Los Angeles,United States,2305.79,USD,681,7311.59,24235.01,962.45,111.86,2024-03-31,SMS,2242.53,5609.05,24.59,1,Active,Yes,No,26,No,646.2,Redmi Note 7,v4.8,No,Spanish,53.06,Visa Gold,Medium
JeremyThomas79,Jeremy,Thomas,Male,davidpollard@example.org,4752073109,65,San Jose,United States,9300.17,USD,238,45233.12,33930.16,229.2,370.45,2024-10-02,Email,1980.18,8267.82,15.74,3,Active,No,No,54,No,79.55,Pixel 8,v5.4,No,English,647.89,Business Card,Medium
ElizabethChen80,Elizabeth,Chen,Female,pboyle@example.net,687.410.5531x2453,38,San Diego,United States,15692.61,EUR,767,42692.94,7994.69,147.0,65.27,2024-03-24,SMS,1568.19,4797.96,36.98,1,Active,Yes,No,356,No,319.6,Samsung Galaxy S21,v5.4,No,English,821.25,Visa Platinum,Medium
JoshuaShaffer81,Joshua,Shaffer,Male,charlesmiller@example.org,001-523-825-2184,25,Jacksonville,United States,36241.77,EUR,797,47384.82,27180.94,294.55,469.12,2024-05-21,Email,1991.04,6257.13,32.67,1,Active,Yes,No,232,Yes,509.46,Redmi Note 7,v4.8,Yes,English,46.77,UnionPay,Medium
DeniseCurtis82,Denise,Curtis,Female,kim34@example.net,(859)771-7777x6073,69,Houston,United States,15462.14,EUR,438,1758.09,7322.63,885.89,142.64,2024-04-03,SMS,2782.44,604.23,14.51,5,Dormant,No,No,185,No,389.85,iPhone 15,v4.8,Yes,English,606.66,MasterCard Gold,Low
MonicaKing83,Monica,King,Female,paigearias@example.com,225-723-6846,75,San Jose,United States,35484.17,USD,72,26509.58,19131.51,205.0,340.29,2024-09-08,Email,3486.57,3814.18,23.81,3,Active,No,Yes,10,Yes,11.38,Vivo Y27s,v1.4,No,English,721.58,Prepaid Card,Low
RobinBradley84,Robin,Bradley,Female,lcarr@example.org,(871)587-6974x42737,53,Jacksonville,United States,21005.89,USD,299,13549.44,27953.97,970.4,94.63,2024-05-14,Email,2652.98,2876.13,7.66,3,Dormant,No,No,86,No,695.52,Pixel 8,v5.1,Yes,English,281.37,Visa Gold,Medium
MichaelRobertson85,Michael,Robertson,Male,davisjennifer@example.com,(462)565-7369,36,San Diego,United States,3274.59,EUR,322,21976.94,16890.77,178.22,321.59,2024-10-06,Email,2863.69,5257.62,34.91,5,Active,No,Yes,15,No,847.19,iPhone 15,v2.6,Yes,English,347.98,Visa Platinum,Medium
LindaSmith86,Linda,Smith,Female,cboone@example.org,212.445.4653x309,63,Jacksonville,United States,32372.61,EUR,882,10851.18,3038.4,268.25,31.51,2025-02-11,Phone,2013.1,7706.65,38.52,5,Dormant,Yes,No,256,No,338.87,Pixel 8,v2.0,No,English,800.03,Maestro,High
StacieMiddleton87,Stacie,Middleton,Female,kgray@example.net,8635991700,47,San Antonio,United States,27855.76,EUR,520,33870.59,37795.74,625.3,390.09,2024-06-10,Phone,3565.65,3595.44,12.37,3,Active,Yes,No,233,No,72.84,Samsung Galaxy S21,v5.7,No,English,920.67,Salary Card,Low
AshleyFischer88,Ashley,Fischer,Female,pauljones@example.com,314.385.0089x127,27,San Diego,United States,3764.51,USD,791,35427.06,26843.26,187.31,260.33,2024-06-01,SMS,821.38,5211.43,21.33,1,Dormant,Yes,No,318,Yes,411.14,Huawei P30,v1.4,No,English,207.32,Salary Card,Medium
JenniferCollins89,Jennifer,Collins,Female,xriggs@example.org,001-840-318-9598,41,Dallas,United States,36456.97,USD,778,28681.18,17533.96,670.22,169.87,2024-07-17,Email,2937.15,6314.32,20.21,2,Dormant,No,Yes,168,No,229.05,Pixel 8,v1.8,Yes,Spanish,350.48,Prepaid Card,Medium
MatthewClark90,Matthew,Clark,Male,ztrujillo@example.com,6587900982,56,Chicago,United States,26100.88,USD,422,2419.97,22102.02,492.4,170.13,2024-07-17,Email,172.51,2401.54,49.52,4,Active,No,No,186,Yes,632.54,Samsung Galaxy S21,v4.1,No,Spanish,10.25,Maestro,Medium
KristinaMartinez91,Kristina,Martinez,Female,samantha20@example.com,(514)336-3594,54,Los Angeles,United States,8867.17,EUR,678,40508.5,4114.12,797.54,118.91,2024-06-23,Phone,1666.97,2565.13,8.65,2,Active,Yes,Yes,135,No,957.69,Redmi Note 7,v4.1,No,English,534.27,Diners Club,High
DavidThomas92,David,Thomas,Male,callahankatherine@example.com,+1-220-398-7096x222,68,Phoenix,United States,9452.42,USD,670,42047.03,34537.16,842.65,219.82,2024-05-24,Phone,2698.88,7520.03,36.17,3,Active,Yes,Yes,173,No,800.4,Pixel 9,v5.8,Yes,English,903.0,Discover,Low
MariaPierce93,Maria,Pierce,Female,pamela28@example.net,(744)610-0811,78,New York,United States,20094.78,USD,14,34063.0,1589.54,909.58,179.31,2024-03-16,Email,4101.56,9706.67,37.19,1,Dormant,No,No,0,Yes,380.39,Samsung Galaxy S21,v1.7,Yes,English,337.91,American Express,Low
JacquelineSims94,Jacqueline,Sims,Female,uyang@example.org,+1-535-354-6907x3317,43,Dallas,United States,17343.04,EUR,31,45115.64,15310.41,493.65,355.3,2025-02-16,Phone,1258.88,4764.0,5.73,1,Active,No,No,13,Yes,593.56,Huawei P30,v3.0,Yes,Spanish,667.82,Maestro,Medium
RobertColon95,Robert,Colon,Male,philliphaney@example.org,629-262-6528x758,34,Los Angeles,United States,21449.35,USD,828,45419.93,31597.16,611.59,190.91,2025-02-19,SMS,4653.81,1069.09,11.43,4,Dormant,No,Yes,389,Yes,299.16,Vivo Y27s,v2.3,No,English,244.43,Discover,Low
LaurenWalker96,Lauren,Walker,Female,millertammy@example.com,+1-479-845-1382x40643,49,Dallas,United States,12744.74,USD,293,40781.01,38140.5,620.11,194.66,2024-06-27,Email,4319.62,4933.22,36.09,4,Dormant,Yes,Yes,80,No,997.62,Huawei P30,v5.1,Yes,English,970.78,Salary Card,Low
AdamSmith97,Adam,Smith,Male,wellsdouglas@example.net,+1-799-433-7660x70611,42,Houston,United States,9562.85,USD,275,19762.38,29165.58,75.96,137.02,2024-11-28,Phone,4359.98,1203.15,46.94,2,Active,No,Yes,114,Yes,128.88,Huawei P30,v2.0,No,Spanish,328.73,MasterCard Gold,Low
EdwardPalmer98,Edward,Palmer,Male,rodriguezmichelle@example.org,+1-661-982-3978,57,Phoenix,United States,26807.65,USD,541,41523.43,3855.85,752.57,197.31,2024-06-09,SMS,835.05,2386.93,32.05,4,Dormant,No,Yes,173,Yes,570.12,Pixel 8,v4.2,No,English,601.17,Maestro,Low
CharlesWalker99,Charles,Walker,Male,mcdonaldchristopher@example.com,943-949-2456,37,Los Angeles,United States,11738.85,USD,70,1075.71,7791.75,202.81,364.81,2024-07-03,Phone,4525.35,1224.5,11.75,4,Dormant,No,Yes,32,Yes,910.66,Huawei P30,v4.9,No,English,586.13,Prepaid Card,Medium
